{"val_loss": [3.86576357644941e-05, 3.8506880327471293e-05, 3.836633048281968e-05, 3.823439918626548e-05, 3.811033625256144e-05, 3.7993861529361794e-05, 3.788417164152236e-05, 3.7781126004610144e-05, 3.768394555914156e-05, 3.7592178566470125e-05, 3.7505265251702724e-05, 3.7422903458317336e-05, 3.734514770759034e-05, 3.727139447606831e-05, 3.720126590334161e-05, 3.713523580906042e-05, 3.707200520386422e-05, 3.7012437134276155e-05, 3.695585373586496e-05, 3.690279737167401e-05], "val_MAE": [2.2489919448271394, 2.245665497612208, 2.243200847413391, 2.2409698511473835, 2.239074314478785, 2.23728464031592, 2.2355406302958727, 2.2337995767593384, 2.232034151442349, 2.230327864177525, 2.2285633902065456, 2.227225363254547, 2.2259517554193735, 2.224601606838405, 2.223093980923295, 2.2216534935869277, 2.2203709296882153, 2.2191826072521508, 2.217953998129815, 2.2167633487842977], "val_MSE": [18.287962311712725, 18.271713776853648, 18.25436009176157, 18.23547767237463, 18.21576270819547, 18.19488342755244, 18.174369957362217, 18.153296292319283, 18.131646103079078, 18.10805508558667, 18.083392897041108, 18.057826849880172, 18.031477186084558, 18.00402631592823, 17.97527678659651, 17.946377455388657, 17.916210413852752, 17.886142372484812, 17.856313814751562, 17.826358869654342], "loss": [3.7635287818071786e-05, 3.748863108330308e-05, 3.735189702540268e-05, 3.722431456423553e-05, 3.710460330991225e-05, 3.6992053736491176e-05, 3.688615600782223e-05, 3.6786382904265434e-05, 3.669269482393184e-05, 3.6604104225857996e-05, 3.652084887403282e-05, 3.6441935650153274e-05, 3.636704649315754e-05, 3.629684771932382e-05, 3.623032376041709e-05, 3.61669345260213e-05, 3.610673397861399e-05, 3.604996093591646e-05, 3.599602745188997e-05, 3.594473191005802e-05], "MAE": [2.1228368424969477, 2.1186036506492503, 2.114601672435575, 2.111622613338747, 2.1091385199088046, 2.1072072869601564, 2.1054863655349103, 2.103716565263604, 2.1026668273405744, 2.1016981998646718, 2.1007280523794662, 2.099415018453623, 2.0987961761887064, 2.0982800552602012, 2.097513066922746, 2.0967841734947434, 2.096109957061059, 2.095338670945749, 2.0950756204226915, 2.0943113957184534], "MSE": [15.060584854681082, 15.047667918288523, 15.032641740887485, 15.016295397109522, 15.003844354519861, 14.988431712935975, 14.97267257157061, 14.954782126448553, 14.93974566066948, 14.921422247765316, 14.902571493535905, 14.880478725688768, 14.86107897474069, 14.839917691148358, 14.81838626525187, 14.795569265506945, 14.770203189586221, 14.744532397370055, 14.724037555111337, 14.697590532854203]}